layer,fold,type,method,alpha,tau,z_train,z_test,poll_train,poll_test,optimism
tr_0,1,regularized,Word_Order,0.1,3.999995423700772,-1.1221590229872667,3.3323190994406753,-0.27875292602809776,-0.32384009301858263,0.16174598642935922
tr_0,2,regularized,Word_Order,0.1,0.6165983720636333,1.356743562565672,0.13337466030590697,-0.2879476672695251,-0.29639687279601784,0.029342851104204707
tr_0,3,regularized,Word_Order,0.1,0.5000515988612074,2.851794845607005,-0.9574578760007003,-0.26811802464546797,-0.35937570177475686,0.3403638276462717
tr_0,1,corrected_mean,Word_Order,0.1,1.7055484648752044,-1.255276058638373,3.4653052530486166,-0.27872461010249505,-0.3236775854960946,0.16128096968928954
tr_0,2,corrected_mean,Word_Order,0.1,1.7055484648752044,1.4345166700979488,0.17154992443478037,-0.2879286163201139,-0.2963948382189032,0.02940389186386643
tr_0,3,corrected_mean,Word_Order,0.1,1.7055484648752044,2.7401015265285547,-0.7923876108223227,-0.2681747839075609,-0.359427003007305,0.3402714370460666
tr_2,1,regularized,Word_Order,0.1,3.999995423700772,-0.613944648735408,2.7929944034298217,-0.2788317279326394,-0.32442940029733963,0.16353114727214904
tr_2,2,regularized,Word_Order,0.1,0.5000077297082007,1.5439095315552391,-0.025285338648318143,-0.2879015021696071,-0.29639987837096093,0.02951834616113719
tr_2,3,regularized,Word_Order,0.1,1.1130110141569316,2.5441460212049485,-0.7482625313842727,-0.2682696941608211,-0.35943858854347865,0.33984045297343224
tr_2,1,corrected_mean,Word_Order,0.1,1.8710047225219684,-0.7691364214844122,2.8825211960805266,-0.2788124513435216,-0.324347665265743,0.16331843754753247
tr_2,2,corrected_mean,Word_Order,0.1,1.8710047225219684,1.3411876078313465,0.40551432273441873,-0.28795252251168674,-0.29637130768624387,0.029236712709177427
tr_2,3,corrected_mean,Word_Order,0.1,1.8710047225219684,2.6593806148741304,-0.8505487193287675,-0.2682161990936129,-0.35940934890895565,0.33999866571636306
tr_4,1,regularized,Word_Order,0.1,3.173623670085408,3.3918776055316297e-06,2.589558199491998,-0.2788654396288075,-0.3246214532776047,0.164079183529168
tr_4,2,regularized,Word_Order,0.1,1.0977543181815013,1.3059959134770298,0.9539907109743865,-0.28796076269638976,-0.29624164883115783,0.028756994728128954
tr_4,3,regularized,Word_Order,0.1,1.178130547998283,2.7360018007621165,-0.7487481610159011,-0.26818122469696976,-0.35943844306943323,0.34028190629518973
tr_4,1,corrected_mean,Word_Order,0.1,1.8165028454217307,-0.13187279393234247,2.565275013464039,-0.27886388757459635,-0.324642590645699,0.1641614605220506
tr_4,2,corrected_mean,Word_Order,0.1,1.8165028454217307,1.4034280259817793,1.04956276392082,-0.28793754929349213,-0.29620840263562076,0.028724469463682973
tr_4,3,corrected_mean,Word_Order,0.1,1.8165028454217307,2.8509699568875475,-0.6682049250370151,-0.26812579578022216,-0.3594589174319926,0.34063534016187885
tr_6,1,regularized,Word_Order,0.1,0.5000060077528717,0.2438881858422974,2.3045868434663217,-0.27886013672564247,-0.32486218067677863,0.16496457504213102
tr_6,2,regularized,Word_Order,0.1,0.5532419969807666,1.4291211570214073,1.138210047136116,-0.28793137892021614,-0.29617520063023817,0.028631202826651044
tr_6,3,regularized,Word_Order,0.1,1.0517455858307134,2.886813550456198,-0.3334828867450166,-0.2681095327002066,-0.3595188368673314,0.3409401495221596
tr_6,1,corrected_mean,Word_Order,0.1,0.7016645301881171,0.23138436359125408,2.3749371190549993,-0.27886066630548834,-0.32480622730070646,0.164761712736085
tr_6,2,corrected_mean,Word_Order,0.1,0.7016645301881171,1.442920008359326,1.1571910008745656,-0.2879278897289729,-0.2961676838060409,0.02861756144854247
tr_6,3,corrected_mean,Word_Order,0.1,0.7016645301881171,2.797961009640372,-0.2904199435320584,-0.2681532767232849,-0.35952362914485675,0.3407392724716155
tr_8,1,regularized,Word_Order,0.1,0.5275687130752582,0.04936143283432639,2.3161427700879718,-0.27886522193183144,-0.324848494561257,0.16489425361426435
tr_8,2,regularized,Word_Order,0.1,0.5001788334004035,1.0013928681208086,1.4344836335906732,-0.288022529280971,-0.29604444327853074,0.027851689302173414
tr_8,3,regularized,Word_Order,0.1,0.5017015886444959,2.9483408510960554,-0.5360931532058022,-0.26807312736007316,-0.3594873929351157,0.34100495814433435
tr_8,1,corrected_mean,Word_Order,0.1,0.5098163783733859,0.04749652215517317,2.315940488692954,-0.27886523802848623,-0.3248486468307687,0.16489473240685967
tr_8,2,corrected_mean,Word_Order,0.1,0.5098163783733859,1.00171735708202,1.4354129109806515,-0.28802247150640925,-0.2960439764382307,0.02785027463262694
tr_8,3,corrected_mean,Word_Order,0.1,0.5098163783733859,2.949053944769254,-0.5360109674952668,-0.2680727576801005,-0.3594874085805849,0.34100686579116074
tr_10,1,regularized,Word_Order,0.1,3.999995423700772,-0.44614393007084263,3.185699149745491,-0.27884764408800927,-0.32401661520602787,0.16198441003777125
tr_10,2,regularized,Word_Order,0.1,0.5018152741804524,1.9944260368688966,0.751593538067815,-0.2877604160382438,-0.29630183283583184,0.029682389660059608
tr_10,3,regularized,Word_Order,0.1,0.5003346731633387,2.7434086077872655,-0.044925808232131575,-0.2681820138506752,-0.35953829764453726,0.34065030119704304
tr_10,1,corrected_mean,Word_Order,0.1,1.6673817903481878,-0.461958673523137,3.1626141156359133,-0.2788463546931892,-0.3240472973505399,0.16209981553133326
tr_10,2,corrected_mean,Word_Order,0.1,1.6673817903481878,2.047240594823332,0.7241806926247093,-0.2877411553972249,-0.29630886554252184,0.02977575499573315
tr_10,3,corrected_mean,Word_Order,0.1,1.6673817903481878,2.7800694920978133,0.0422327354471295,-0.2681639800900355,-0.3595383410134079,0.3407406203200507
tr_12,1,regularized,Word_Order,0.1,3.999995423700772,-0.03178554321934611,3.3655726025416457,-0.27886534949079345,-0.3238597160033107,0.1613480003689118
tr_12,2,regularized,Word_Order,0.1,0.5001687121506241,2.7350605452194863,0.44876131017239695,-0.2874594350509147,-0.29636506514294825,0.030980475872904235
tr_12,3,regularized,Word_Order,0.1,0.8910147634619994,2.6560157684185763,0.4662555153289634,-0.2682344985183651,-0.3595002018321205,0.3402459557509406
tr_12,1,corrected_mean,Word_Order,0.1,1.797059633104465,-0.11705692721218205,3.435521222004381,-0.27886421529201755,-0.32378075755177926,0.16106958080916395
tr_12,2,corrected_mean,Word_Order,0.1,1.797059633104465,2.6852082471575436,0.546874341986942,-0.2874834339149306,-0.2963482548665048,0.030835936634169323
tr_12,3,corrected_mean,Word_Order,0.1,1.797059633104465,2.7660600448261743,0.4059987896031871,-0.26818388731996207,-0.359509487595525,0.3405335092581647
tr_14,1,regularized,Word_Order,0.1,2.029784396055369,5.8309705113329474e-08,2.8175986273864506,-0.278865439625476,-0.32441311349896595,0.16333208566347177
tr_14,2,regularized,Word_Order,0.1,0.5000976572782448,2.4012883818453403,0.2776251620460244,-0.2876088635456845,-0.29638658751834535,0.030519657372334703
tr_14,3,regularized,Word_Order,0.1,0.8338276466792084,2.245601802849376,0.15808937222169223,-0.26840281217804285,-0.3595342277591543,0.3395322680921098
tr_14,1,corrected_mean,Word_Order,0.1,1.1212365666709407,-0.049433801716428236,2.814473091827642,-0.2788652214524765,-0.32442083507182623,0.1633606850724238
tr_14,2,corrected_mean,Word_Order,0.1,1.1212365666709407,2.335214507638028,0.47416427302439457,-0.2876346723726756,-0.29636094555890297,0.03033804344325056
tr_14,3,corrected_mean,Word_Order,0.1,1.1212365666709407,2.292466336304583,0.12718437348455705,-0.2683839609763515,-0.3595357895752627,0.33963217573550547
tr_16,1,regularized,Word_Order,0.1,3.999995423700772,-0.36755108853588414,3.1472892043607397,-0.27885335792363625,-0.32408625429608195,0.16221033416722455
tr_16,2,regularized,Word_Order,0.1,0.5000883771432021,2.5118971202464375,-0.2763831124849592,-0.28755814450414613,-0.29638662326536536,0.030701543079027397
tr_16,3,regularized,Word_Order,0.1,0.7499518486340314,2.297471943823282,0.08709279331543969,-0.2683792525363103,-0.3595373114564974,0.3396613488513011
tr_16,1,corrected_mean,Word_Order,0.1,1.7500118831593354,-0.4562817286145241,3.170564202272799,-0.2788468095453338,-0.32405940214316464,0.1621413301143772
tr_16,2,corrected_mean,Word_Order,0.1,1.7500118831593354,2.4997350559324,-0.05898718132936296,-0.2875638356934692,-0.29639938387506776,0.030725519293103524
tr_16,3,corrected_mean,Word_Order,0.1,1.7500118831593354,2.347445767449556,0.1906071432515396,-0.26835949849043467,-0.35953221715863337,0.33974097872838455
tr_18,1,regularized,Word_Order,0.1,3.999995423700772,-0.36009460291917256,3.0802085666101333,-0.27885383853704043,-0.3241545581688419,0.16245327613011915
tr_18,2,regularized,Word_Order,0.1,0.5000337570648745,2.359018643622685,0.1008116137634597,-0.2876239170187319,-0.29639820117508137,0.03050610063063016
tr_18,3,regularized,Word_Order,0.1,0.9642572310364339,2.5107136683705096,-0.05446734863659042,-0.26829137350806265,-0.35953812942157815,0.3401032046629459
tr_18,1,corrected_mean,Word_Order,0.1,1.8214288039340267,-0.43439630987724737,3.1376732395136346,-0.2788485459292428,-0.32409484018017426,0.16226118052777155
tr_18,2,corrected_mean,Word_Order,0.1,1.8214288039340267,2.209491437628953,0.4376654108876107,-0.28768340389868813,-0.2963665572685695,0.03018301804069047
tr_18,3,corrected_mean,Word_Order,0.1,1.8214288039340267,2.6128362036018524,-0.12396941996263071,-0.2682460853692443,-0.3595359220449737,0.34032122612364574
tr_20,1,regularized,Word_Order,0.1,0.5000154552333304,0.07904663588959682,2.7384775705459092,-0.2788648822084619,-0.3244886290548487,0.16360520724255756
tr_20,2,regularized,Word_Order,0.1,0.5002275515906304,2.4841582634028443,0.26227815425331974,-0.28757076359958095,-0.2963880008934316,0.030661104708571606
tr_20,3,regularized,Word_Order,0.1,0.6785907190934508,2.18134378086544,0.3962501342964006,-0.26842469564276683,-0.3595108900001983,0.33933611860606744
tr_20,1,corrected_mean,Word_Order,0.1,0.5596112419724705,0.0714044497629104,2.7492122184648533,-0.27886498475759247,-0.32447882040892057,0.16356960588285618
tr_20,2,corrected_mean,Word_Order,0.1,0.5596112419724705,2.4814593802993907,0.26590668197256095,-0.2875719577868664,-0.29638766604382727,0.030655660325178944
tr_20,3,corrected_mean,Word_Order,0.1,0.5596112419724705,2.164017645975768,0.4099105836083571,-0.26843115864553535,-0.35950894501844016,0.3392966257437106
tr_22,1,regularized,Word_Order,0.1,0.966888609364445,0.11958789973668421,3.1212184534814007,-0.27886416451157686,-0.32413439684610285,0.16233793400387456
tr_22,2,regularized,Word_Order,0.1,0.7735171210281111,2.602712636206407,0.32024756537299887,-0.2875227544540791,-0.2963821635993441,0.030812897442104754
tr_22,3,regularized,Word_Order,0.1,0.7971840382221149,2.605398096039459,0.5169982261658305,-0.26825710553895205,-0.3594914753245527,0.34010047786918013
tr_22,1,corrected_mean,Word_Order,0.1,0.8458632562048903,0.09433197974844827,3.109410574136675,-0.27886464594791144,-0.32414669051673856,0.1623800120481578
tr_22,2,corrected_mean,Word_Order,0.1,0.8458632562048903,2.6134045020842014,0.3281397368921269,-0.28751792732459425,-0.2963812759681438,0.030827116507219515
tr_22,3,corrected_mean,Word_Order,0.1,0.8458632562048903,2.612974820306347,0.5254254647352076,-0.26825372151867993,-0.3594899296170956,0.3401116211245643
tr_24,1,regularized,Word_Order,0.1,0.5000128940514216,0.5342977887280826,3.0374348042920505,-0.2788400410614503,-0.3242107508543848,0.1627123192932529
tr_24,2,regularized,Word_Order,0.1,0.5001047537628583,2.232097769549082,0.8320934270548388,-0.28767463139974125,-0.29627979096632995,0.0299128203440063
tr_24,3,regularized,Word_Order,0.1,0.6412310979540199,3.0490541178177937,0.4547949874723643,-0.2680339455316267,-0.3595020374006466,0.34125562599020565
tr_24,1,corrected_mean,Word_Order,0.1,0.5471162485894333,0.5241746270439085,3.040897707321832,-0.27884099277189905,-0.32420706437680935,0.16269513013110382
tr_24,2,corrected_mean,Word_Order,0.1,0.5471162485894333,2.223388929458316,0.835169591116855,-0.28767799193480503,-0.29627890275395674,0.02989770180647287
tr_24,3,corrected_mean,Word_Order,0.1,0.5471162485894333,3.0368972326719965,0.47845467437597133,-0.2680404104525803,-0.359498134437096,0.3412087148728482
cnn_2,1,regularized,Word_Order,0.1,3.999995423700772,-1.152147396592521,1.0550734326923379,-0.27874682314104265,-0.32557658003207884,0.16800104253507805
cnn_2,2,regularized,Word_Order,0.1,0.5000963461052333,1.5643206607671596,-2.025397384067025,-0.2878932046421844,-0.29567995245017886,0.027047348400155716
cnn_2,3,regularized,Word_Order,0.1,3.999995423700772,-0.8977880491944608,0.6142923691553807,-0.2687686491527304,-0.35947159827106834,0.33747592736084
cnn_2,1,corrected_mean,Word_Order,0.1,2.8333623978355926,-1.0425089942079686,1.0042688386285115,-0.2787683523108389,-0.3255947467453603,0.167976006050744
cnn_2,2,corrected_mean,Word_Order,0.1,2.8333623978355926,1.4417744746061276,-2.1483246898475317,-0.28792645176783843,-0.29558669175001967,0.026604849728630916
cnn_2,3,corrected_mean,Word_Order,0.1,2.8333623978355926,-0.9087012985465709,0.7363122639159073,-0.2687669069177491,-0.3594422857282198,0.3373755342513954
cnn_3,1,regularized,Word_Order,0.1,1.9879763344265442,1.202236145093707,-1.5870053650425422,-0.2787361725709671,-0.3253321022216124,0.16716857816070438
cnn_3,2,regularized,Word_Order,0.1,0.6640271053884925,0.2414179116889651,-0.8727575163294558,-0.28810592027891874,-0.29626695692649946,0.028326514913959166
cnn_3,3,regularized,Word_Order,0.1,3.999995423700772,-1.199686288556756,1.631958744125417,-0.26871303117277046,-0.35906448352325393,0.3362377029359307
cnn_3,1,corrected_mean,Word_Order,0.1,2.21733295450527,1.2853710126046054,-1.629198727785634,-0.2787176386676479,-0.3253084257470873,0.1671612435515635
cnn_3,2,corrected_mean,Word_Order,0.1,2.21733295450527,0.29889883514076737,-0.2969842228008911,-0.28810316781942724,-0.2963845755391026,0.028744590982303354
cnn_3,3,corrected_mean,Word_Order,0.1,2.21733295450527,-1.2442080450894255,1.456517824793803,-0.2687034932290825,-0.35916078681254776,0.33664353409185543
cnn_4,1,regularized,Word_Order,0.1,0.5002550291605283,0.9895967961585604,0.4273498320981922,-0.27877795282545503,-0.3257379816398064,0.16844957909477648
cnn_4,2,regularized,Word_Order,0.1,0.5001429972215297,1.1427133792929822,0.5178624549851507,-0.28799508877719215,-0.29635307274885014,0.029021272574978378
cnn_4,3,regularized,Word_Order,0.1,0.5000276962155873,0.6503858857968684,0.932690895138463,-0.2688027334309931,-0.35938377366627383,0.33697960983917846
cnn_4,1,corrected_mean,Word_Order,0.1,0.5001419075325484,0.9895887007722041,0.42735334614297493,-0.2787779541957621,-0.32573798092570455,0.1684495707898279
cnn_4,2,corrected_mean,Word_Order,0.1,0.5001419075325484,1.1427084983116516,0.517858670678659,-0.2879950887805466,-0.2963530727271648,0.029021272487695298
cnn_4,3,corrected_mean,Word_Order,0.1,0.5001419075325484,0.6503705299545384,0.932696511743478,-0.26880273464197113,-0.35938377029669016,0.3369795912804513
cnn_5,1,regularized,Word_Order,0.1,3.999995423700772,-1.5280305533237784,1.7942379070025514,-0.27865520640801,-0.3252135929912665,0.16708242125964518
cnn_5,2,regularized,Word_Order,0.1,3.999995423700772,-0.1618762214741501,1.3890411956992759,-0.2881087693898727,-0.29606829010733554,0.027626790862071725
cnn_5,3,regularized,Word_Order,0.1,1.269549513946722,1.8675652290362803,-1.3011353465077367,-0.2685359667332087,-0.3592348334512584,0.3377531427965451
cnn_5,1,corrected_mean,Word_Order,0.1,3.089846787116089,-1.4431976054407158,1.7224531347747214,-0.27867786044815573,-0.3252574004949637,0.16714474544874539
cnn_5,2,corrected_mean,Word_Order,0.1,3.089846787116089,-0.19090481734857026,1.3770473248196307,-0.2881078600844633,-0.29607410462206446,0.027650215913115707
cnn_5,3,corrected_mean,Word_Order,0.1,3.089846787116089,2.114253315942278,-1.4059755021429339,-0.2684499358174188,-0.35918488708031054,0.3379958016626362
cnn_6,1,regularized,Word_Order,0.1,3.8038831903165997,6.687753257117054e-08,2.0053371884275664,-0.278865439632652,-0.3250742269039357,0.16570281111978002
cnn_6,2,regularized,Word_Order,0.1,0.5000128940514216,0.5695286772131226,1.7602391480898958,-0.2880823470325187,-0.29586130553952217,0.027002551829825774
cnn_6,3,regularized,Word_Order,0.1,0.5003743715862613,3.123241886931425,-1.277441259123935,-0.2679773000203894,-0.3592477481991954,0.34059022227577335
cnn_6,1,corrected_mean,Word_Order,0.1,1.601423485318094,-0.35764241000109126,2.220539860948942,-0.2788540199798814,-0.32491656270340125,0.16518514858363215
cnn_6,2,corrected_mean,Word_Order,0.1,1.601423485318094,0.5698054759811819,1.9551927763382844,-0.2880823248044068,-0.29573714576042465,0.026571643925794683
cnn_6,3,corrected_mean,Word_Order,0.1,1.601423485318094,3.0861493290679145,-1.0598871635652563,-0.26799786049644597,-0.35933851146805107,0.3408260454109722
